Read-ID,FirstReadStrand,FirstReadMappedToReference,FirstReadMappingPosition,FirstReadCIGAR-matchPartInfo,FirstReadSequence,SecondReadStrand,SecondReadMappedToReference,SecondReadMappingPosition,SecondReadCIGAR-matchPartInfo,SecondReadSequence,Reliability
HWIcont1:1011-1511,+,cont1,1011,250M,CAGCTGCAAACAGTAGCAATGCAGCATGGACTTGTGTCCGAGGATTTTGAAAGACAATTAGCATATTATGCCACTACATGGACAAGCAAAGATATATTAGAAGTACTAGCCATGATGCCTGGAAATAGGGCGCAAAAAGAGTTAATACAGGGGAAATTAAATGAGGAAGCAGAAAGGTGGGTAAGGCAGAATCCCCCAGGGCCAAATGTCCTTACTGTGGATCAGATTATGGGAGTCGGACAAACAAATC,-,cont1,1261,250M,AACAGGCATCGCAAGCTAATATGGATCAGGCAAGACAGCTTTGCTTGCAGTGGGTAATAACAGCCTTGAGATCAGTAAGACATATGTCACACAGACCAGGAAATCCTATGCTGATAAAACAAAAGAATAGTGAAAGTTATGAAGATTTTATAGCAAGATTGCTAGAAGCAATTGATACAGAACCCGTCACGGATCCTATAAAAACATATTTAAAAGTAACTCTGTCGTTCACAAATGCTAGCACAGATTG,UniqueAlignedReadPair
HWIcont1:1012-1512,+,cont1,1012,250M,AGCTGCAAACAGTAGCAATGCAGCATGGACTTGTGTCCGAGGATTTTGAAAGACAATTAGCATATTATGCCACTACATGGACAAGCAAAGATATATTAGAAGTACTAGCCATGATGCCTGGAAATAGGGCGCAAAAAGAGTTAATACAGGGGAAATTAAATGAGGAAGCAGAAAGGTGGGTAAGGCAGAATCCCCCAGGGCCAAATGTCCTTACTGTGGATCAGATTATGGGAGTCGGACAAACAAATCA,-,cont1,1262,250M,ACAGGCATCGCAAGCTAATATGGATCAGGCAAGACAGCTTTGCTTGCAGTGGGTAATAACAGCCTTGAGATCAGTAAGACATATGTCACACAGACCAGGAAATCCTATGCTGATAAAACAAAAGAATAGTGAAAGTTATGAAGATTTTATAGCAAGATTGCTAGAAGCAATTGATACAGAACCCGTCACGGATCCTATAAAAACATATTTAAAAGTAACTCTGTCGTTCACAAATGCTAGCACAGATTGT,UniqueAlignedReadPair
HWIcont1:1015-1515,+,cont1,1015,250M,TGCAAACAGTAGCAATGCAGCATGGACTTGTGTCCGAGGATTTTGAAAGACAATTAGCATATTATGCCACTACATGGACAAGCAAAGATATATTAGAAGTACTAGCCATGATGCCTGGAAATAGGGCGCAAAAAGAGTTAATACAGGGGAAATTAAATGAGGAAGCAGAAAGGTGGGTAAGGCAGAATCCCCCAGGGCCAAATGTCCTTACTGTGGATCAGATTATGGGAGTCGGACAAACAAATCAACA,-,cont1,1265,250M,GGCATCGCAAGCTAATATGGATCAGGCAAGACAGCTTTGCTTGCAGTGGGTAATAACAGCCTTGAGATCAGTAAGACATATGTCACACAGACCAGGAAATCCTATGCTGATAAAACAAAAGAATAGTGAAAGTTATGAAGATTTTATAGCAAGATTGCTAGAAGCAATTGATACAGAACCCGTCACGGATCCTATAAAAACATATTTAAAAGTAACTCTGTCGTTCACAAATGCTAGCACAGATTGTCAA,UniqueAlignedReadPair
HWIcont1:1019-1519,+,cont1,1019,250M,AACAGTAGCAATGCAGCATGGACTTGTGTCCGAGGATTTTGAAAGACAATTAGCATATTATGCCACTACATGGACAAGCAAAGATATATTAGAAGTACTAGCCATGATGCCTGGAAATAGGGCGCAAAAAGAGTTAATACAGGGGAAATTAAATGAGGAAGCAGAAAGGTGGGTAAGGCAGAATCCCCCAGGGCCAAATGTCCTTACTGTGGATCAGATTATGGGAGTCGGACAAACAAATCAACAGGCA,-,cont1,1269,250M,TCGCAAGCTAATATGGATCAGGCAAGACAGCTTTGCTTGCAGTGGGTAATAACAGCCTTGAGATCAGTAAGACATATGTCACACAGACCAGGAAATCCTATGCTGATAAAACAAAAGAATAGTGAAAGTTATGAAGATTTTATAGCAAGATTGCTAGAAGCAATTGATACAGAACCCGTCACGGATCCTATAAAAACATATTTAAAAGTAACTCTGTCGTTCACAAATGCTAGCACAGATTGTCAAAAAC,UniqueAlignedReadPair
HWIcont1:1020-1520,+,cont1,1020,250M,ACAGTAGCAATGCAGCATGGACTTGTGTCCGAGGATTTTGAAAGACAATTAGCATATTATGCCACTACATGGACAAGCAAAGATATATTAGAAGTACTAGCCATGATGCCTGGAAATAGGGCGCAAAAAGAGTTAATACAGGGGAAATTAAATGAGGAAGCAGAAAGGTGGGTAAGGCAGAATCCCCCAGGGCCAAATGTCCTTACTGTGGATCAGATTATGGGAGTCGGACAAACAAATCAACAGGCAT,-,cont1,1270,250M,CGCAAGCTAATATGGATCAGGCAAGACAGCTTTGCTTGCAGTGGGTAATAACAGCCTTGAGATCAGTAAGACATATGTCACACAGACCAGGAAATCCTATGCTGATAAAACAAAAGAATAGTGAAAGTTATGAAGATTTTATAGCAAGATTGCTAGAAGCAATTGATACAGAACCCGTCACGGATCCTATAAAAACATATTTAAAAGTAACTCTGTCGTTCACAAATGCTAGCACAGATTGTCAAAAACA,UniqueAlignedReadPair
HWIcont2:100-600,+,cont2,100,250M,GAGCGCGCAGAGAGGGAGTGGCCAACTCCATCACTAGGGGTTCCTGGAGGGGTGGAGTCGTGACGTGAATTACGTCATAGGGTTAGGGAGGTCCTGTATTAGAGGTCACGTGAGTGTTTTGCGACATTTTGCGACACCATGTGGTCACGCTGGGTATTTAAGCCCGAGTGAGCACGCAGGGTCTCCATTTTGAAGCGGGAGGTTTGAACGCGCAGCCGCCATGCCGGGGTTTTACGAGATTGTGATTAAG,-,cont2,350,250M,GTCCCCAGCGACCTTGACGAGCATCTGCCCGGCATTTCTGACAGCTTTGTGAACTGGGTGGCCGAGAAGGAATGGGAGTTGCCGCCAGATTCTGACATGGATCTGAATCTGATTGAGCAGGCACCCCTGACCGTGGCCGAGAAGCTGCAGCGCGACTTTCTGACGGAATGGCGCCGTGTGAGTAAGGCCCCGGAGGCCCTTTTCTTTGTGCAATTTGAGAAGGGAGAGAGCTACTTCCACATGCACGTGC,UniqueAlignedReadPair
HWIcont2:1006-1506,+,cont2,1006,250M,GTGGCTCGTGGACAAGGGGATTACCTCGGAGAAGCAGTGGATCCAGGAGGACCAGGCCTCATACATCTCCTTCAATGCGGCCTCCAACTCGCGGTCCCAAATCAAGGCTGCCTTGGACAATGCGGGAAAGATTATGAGCCTGACTAAAACCGCCCCCGACTACCTGGTGGGCCAGCAGCCCGTGGAGGACATTTCCAGCAATCGGATTTATAAAATTTTGGAACTAAACGGGTACGATCCCCAATATGCG,-,cont2,1256,250M,GCTTCCGTCTTTCTGGGATGGGCCACGAAAAAGTTCGGCAAGAGGAACACCATCTGGCTGTTTGGGCCTGCAACTACCGGGAAGACCAACATCGCGGAGGCCATAGCCCACACTGTGCCCTTCTACGGGTGCGTAAACTGGACCAATGAGAACTTTCCCTTCAACGACTGTGTCGACAAGATGGTGATCTGGTGGGAGGAGGGGAAGATGACCGCCAAGGTCGTGGAGTCGGCCAAAGCCATTCTCGGAG,UniqueAlignedReadPair
HWIcont2:1012-1512,+,cont2,1012,250M,CGTGGACAAGGGGATTACCTCGGAGAAGCAGTGGATCCAGGAGGACCAGGCCTCATACATCTCCTTCAATGCGGCCTCCAACTCGCGGTCCCAAATCAAGGCTGCCTTGGACAATGCGGGAAAGATTATGAGCCTGACTAAAACCGCCCCCGACTACCTGGTGGGCCAGCAGCCCGTGGAGGACATTTCCAGCAATCGGATTTATAAAATTTTGGAACTAAACGGGTACGATCCCCAATATGCGGCTTCC,-,cont2,1262,250M,GTCTTTCTGGGATGGGCCACGAAAAAGTTCGGCAAGAGGAACACCATCTGGCTGTTTGGGCCTGCAACTACCGGGAAGACCAACATCGCGGAGGCCATAGCCCACACTGTGCCCTTCTACGGGTGCGTAAACTGGACCAATGAGAACTTTCCCTTCAACGACTGTGTCGACAAGATGGTGATCTGGTGGGAGGAGGGGAAGATGACCGCCAAGGTCGTGGAGTCGGCCAAAGCCATTCTCGGAGGAAGCA,UniqueAlignedReadPair
HWIcont2:101-601,+,cont2,101,250M,AGCGCGCAGAGAGGGAGTGGCCAACTCCATCACTAGGGGTTCCTGGAGGGGTGGAGTCGTGACGTGAATTACGTCATAGGGTTAGGGAGGTCCTGTATTAGAGGTCACGTGAGTGTTTTGCGACATTTTGCGACACCATGTGGTCACGCTGGGTATTTAAGCCCGAGTGAGCACGCAGGGTCTCCATTTTGAAGCGGGAGGTTTGAACGCGCAGCCGCCATGCCGGGGTTTTACGAGATTGTGATTAAGG,-,cont2,351,250M,TCCCCAGCGACCTTGACGAGCATCTGCCCGGCATTTCTGACAGCTTTGTGAACTGGGTGGCCGAGAAGGAATGGGAGTTGCCGCCAGATTCTGACATGGATCTGAATCTGATTGAGCAGGCACCCCTGACCGTGGCCGAGAAGCTGCAGCGCGACTTTCTGACGGAATGGCGCCGTGTGAGTAAGGCCCCGGAGGCCCTTTTCTTTGTGCAATTTGAGAAGGGAGAGAGCTACTTCCACATGCACGTGCT,UniqueAlignedReadPair
HWIcont2:1024-1524,+,cont2,1024,250M,GATTACCTCGGAGAAGCAGTGGATCCAGGAGGACCAGGCCTCATACATCTCCTTCAATGCGGCCTCCAACTCGCGGTCCCAAATCAAGGCTGCCTTGGACAATGCGGGAAAGATTATGAGCCTGACTAAAACCGCCCCCGACTACCTGGTGGGCCAGCAGCCCGTGGAGGACATTTCCAGCAATCGGATTTATAAAATTTTGGAACTAAACGGGTACGATCCCCAATATGCGGCTTCCGTCTTTCTGGGA,-,cont2,1274,250M,TGGGCCACGAAAAAGTTCGGCAAGAGGAACACCATCTGGCTGTTTGGGCCTGCAACTACCGGGAAGACCAACATCGCGGAGGCCATAGCCCACACTGTGCCCTTCTACGGGTGCGTAAACTGGACCAATGAGAACTTTCCCTTCAACGACTGTGTCGACAAGATGGTGATCTGGTGGGAGGAGGGGAAGATGACCGCCAAGGTCGTGGAGTCGGCCAAAGCCATTCTCGGAGGAAGCAAGGTGCGCGTGG,UniqueAlignedReadPair
