VectorName,BreakPointPosition1,Strand1,VectorName,BreakPointPosition2,Strand2,ReadID,Sequence,Span1,Span2,Feature1,Feature2,IdentityPerc1,IdentityPerc2,OverlapFusion,DistanceFusion
vector1,502,-,vector1,50,+,HWIvector1:2-502, CACTCAAAGGCGGTAATACGGTTATCCACAGAATCAGGGGATAACGCAGGAAAGAACATGTGAGCAAAAGGCCAGCAAAAGGCCAGGAACCGTAAAAAGGCCGCGTTGCTGGCGTTTTTCCATAGGCTCCGCCCCCCTGACGAGCATCACAAAAATCGACGCTCAAGTCAGAGGTGGCGAAACCCGACAGGACTATAAAGCGGATAACAATTTCACACAGGAATTCGGATCCAAGCGAGCAAAAGCAGGT,200,50,Unique,Unique,100,100,2,0
vector1,512,-,vector1,50,+,HWIvector1:12-512, CGGTAATACGGTTATCCACAGAATCAGGGGATAACGCAGGAAAGAACATGTGAGCAAAAGGCCAGCAAAAGGCCAGGAACCGTAAAAAGGCCGCGTTGCTGGCGTTTTTCCATAGGCTCCGCCCCCCTGACGAGCATCACAAAAATCGACGCTCAAGTCAGAGGTGGCGAAACCCGACAGGACTATAAAGATACCAGGCGCGGATAACAATTTCACACAGGAATTCGGATCCAAGCGAGCAAAAGCAGGT,200,50,Unique,Unique,100,100,1,0
vector1,523,-,vector1,2450,+,HWIvector1:23-523, TTATCCACAGAATCAGGGGATAACGCAGGAAAGAACATGTGAGCAAAAGGCCAGCAAAAGGCCAGGAACCGTAAAAAGGCCGCGTTGCTGGCGTTTTTCCATAGGCTCCGCCCCCCTGACGAGCATCACAAAAATCGACGCTCAAGTCAGAGGTGGCGAAACCCGACAGGACTATAAAGATACCAGGCGTTTCCCCCTGGGCTTGCGGCCGCGAGCTCGGTACCCAATTGGTGCACTCTCAGTACAATCT,200,50,Unique,Unique,100,100,0,0
vector1,533,-,vector1,50,+,HWIvector1:33-533, AATCAGGGGATAACGCAGGAAAGAACATGTGAGCAAAAGGCCAGCAAAAGGCCAGGAACCGTAAAAAGGCCGCGTTGCTGGCGTTTTTCCATAGGCTCCGCCCCCCTGACGAGCATCACAAAAATCGACGCTCAAGTCAGAGGTGGCGAAACCCGACAGGACTATAAAGATACCAGGCGTTTCCCCCTGGAAGCTCCCTCCGGATAACAATTTCACACAGGAATTCGGATCCAAGCGAGCAAAAGCAGGT,200,50,Unique,Unique,100,100,0,0
vector1,556,-,vector1,50,+,HWIvector1:56-556, AACATGTGAGCAAAAGGCCAGCAAAAGGCCAGGAACCGTAAAAAGGCCGCGTTGCTGGCGTTTTTCCATAGGCTCCGCCCCCCTGACGAGCATCACAAAAATCGACGCTCAAGTCAGAGGTGGCGAAACCCGACAGGACTATAAAGATACCAGGCGTTTCCCCCTGGAAGCTCCCTCGTGCGCTCTCCTGTTCCGACCCTCGGATAACAATTTCACACAGGAATTCGGATCCAAGCGAGCAAAAGCAGGT,200,50,Unique,Unique,100,100,0,0
vector1,568,-,vector1,2450,+,HWIvector1:68-568, AAAGGCCAGCAAAAGGCCAGGAACCGTAAAAAGGCCGCGTTGCTGGCGTTTTTCCATAGGCTCCGCCCCCCTGACGAGCATCACAAAAATCGACGCTCAAGTCAGAGGTGGCGAAACCCGACAGGACTATAAAGATACCAGGCGTTTCCCCCTGGAAGCTCCCTCGTGCGCTCTCCTGTTCCGACCCTGCCGCTTACCGGGCTTGCGGCCGCGAGCTCGGTACCCAATTGGTGCACTCTCAGTACAATCT,200,50,Unique,Unique,100,100,0,0
vector1,569,-,vector1,50,+,HWIvector1:69-569, AAGGCCAGCAAAAGGCCAGGAACCGTAAAAAGGCCGCGTTGCTGGCGTTTTTCCATAGGCTCCGCCCCCCTGACGAGCATCACAAAAATCGACGCTCAAGTCAGAGGTGGCGAAACCCGACAGGACTATAAAGATACCAGGCGTTTCCCCCTGGAAGCTCCCTCGTGCGCTCTCCTGTTCCGACCCTGCCGCTTACCGGACGGATAACAATTTCACACAGGAATTCGGATCCAAGCGAGCAAAAGCAGGT,200,50,Unique,Unique,100,100,0,0
vector1,579,-,vector1,2450,+,HWIvector1:79-579, AAAGGCCAGGAACCGTAAAAAGGCCGCGTTGCTGGCGTTTTTCCATAGGCTCCGCCCCCCTGACGAGCATCACAAAAATCGACGCTCAAGTCAGAGGTGGCGAAACCCGACAGGACTATAAAGATACCAGGCGTTTCCCCCTGGAAGCTCCCTCGTGCGCTCTCCTGTTCCGACCCTGCCGCTTACCGGATACCTGTCCGGCTTGCGGCCGCGAGCTCGGTACCCAATTGGTGCACTCTCAGTACAATCT,200,50,Unique,Unique,100,100,0,0
vector1,582,-,vector1,50,+,HWIvector1:82-582, GGCCAGGAACCGTAAAAAGGCCGCGTTGCTGGCGTTTTTCCATAGGCTCCGCCCCCCTGACGAGCATCACAAAAATCGACGCTCAAGTCAGAGGTGGCGAAACCCGACAGGACTATAAAGATACCAGGCGTTTCCCCCTGGAAGCTCCCTCGTGCGCTCTCCTGTTCCGACCCTGCCGCTTACCGGATACCTGTCCGCCTCGGATAACAATTTCACACAGGAATTCGGATCCAAGCGAGCAAAAGCAGGT,200,50,Unique,Unique,100,100,0,0
vector1,585,-,vector1,50,+,HWIvector1:85-585, CAGGAACCGTAAAAAGGCCGCGTTGCTGGCGTTTTTCCATAGGCTCCGCCCCCCTGACGAGCATCACAAAAATCGACGCTCAAGTCAGAGGTGGCGAAACCCGACAGGACTATAAAGATACCAGGCGTTTCCCCCTGGAAGCTCCCTCGTGCGCTCTCCTGTTCCGACCCTGCCGCTTACCGGATACCTGTCCGCCTTTCCGGATAACAATTTCACACAGGAATTCGGATCCAAGCGAGCAAAAGCAGGT,200,50,Unique,Unique,100,100,0,0
vector1,589,-,vector1,50,+,HWIvector1:89-589, AACCGTAAAAAGGCCGCGTTGCTGGCGTTTTTCCATAGGCTCCGCCCCCCTGACGAGCATCACAAAAATCGACGCTCAAGTCAGAGGTGGCGAAACCCGACAGGACTATAAAGATACCAGGCGTTTCCCCCTGGAAGCTCCCTCGTGCGCTCTCCTGTTCCGACCCTGCCGCTTACCGGATACCTGTCCGCCTTTCTCCCCGGATAACAATTTCACACAGGAATTCGGATCCAAGCGAGCAAAAGCAGGT,200,50,Unique,Unique,100,100,0,0
vector1,609,-,vector1,2450,+,HWIvector1:109-609, GCTGGCGTTTTTCCATAGGCTCCGCCCCCCTGACGAGCATCACAAAAATCGACGCTCAAGTCAGAGGTGGCGAAACCCGACAGGACTATAAAGATACCAGGCGTTTCCCCCTGGAAGCTCCCTCGTGCGCTCTCCTGTTCCGACCCTGCCGCTTACCGGATACCTGTCCGCCTTTCTCCCTTCGGGAAGCGTGGCGCTTTGCTTGCGGCCGCGAGCTCGGTACCCAATTGGTGCACTCTCAGTACAATCT,200,50,Unique,Unique,100,100,0,0
vector1,614,-,vector1,50,+,HWIvector1:114-614, CGTTTTTCCATAGGCTCCGCCCCCCTGACGAGCATCACAAAAATCGACGCTCAAGTCAGAGGTGGCGAAACCCGACAGGACTATAAAGATACCAGGCGTTTCCCCCTGGAAGCTCCCTCGTGCGCTCTCCTGTTCCGACCCTGCCGCTTACCGGATACCTGTCCGCCTTTCTCCCTTCGGGAAGCGTGGCGCTTTCTCATCGGATAACAATTTCACACAGGAATTCGGATCCAAGCGAGCAAAAGCAGGT,200,50,Unique,Unique,100,100,0,0
vector1,635,-,vector1,50,+,HWIvector1:135-635, CCCCTGACGAGCATCACAAAAATCGACGCTCAAGTCAGAGGTGGCGAAACCCGACAGGACTATAAAGATACCAGGCGTTTCCCCCTGGAAGCTCCCTCGTGCGCTCTCCTGTTCCGACCCTGCCGCTTACCGGATACCTGTCCGCCTTTCTCCCTTCGGGAAGCGTGGCGCTTTCTCATAGCTCACGCTGTAGGTATCTCCGGATAACAATTTCACACAGGAATTCGGATCCAAGCGAGCAAAAGCAGGT,200,50,Unique,Unique,100,100,0,0
vector1,643,-,vector1,50,+,HWIvector1:143-643, GAGCATCACAAAAATCGACGCTCAAGTCAGAGGTGGCGAAACCCGACAGGACTATAAAGATACCAGGCGTTTCCCCCTGGAAGCTCCCTCGTGCGCTCTCCTGTTCCGACCCTGCCGCTTACCGGATACCTGTCCGCCTTTCTCCCTTCGGGAAGCGTGGCGCTTTCTCATAGCTCACGCTGTAGGTATCTCAGTTCGGTCGGATAACAATTTCACACAGGAATTCGGATCCAAGCGAGCAAAAGCAGGT,200,50,Unique,Unique,100,100,0,0
vector1,662,-,vector1,2450,+,HWIvector1:162-662, GCTCAAGTCAGAGGTGGCGAAACCCGACAGGACTATAAAGATACCAGGCGTTTCCCCCTGGAAGCTCCCTCGTGCGCTCTCCTGTTCCGACCCTGCCGCTTACCGGATACCTGTCCGCCTTTCTCCCTTCGGGAAGCGTGGCGCTTTCTCATAGCTCACGCTGTAGGTATCTCAGTTCGGTGTAGGTCGTTCGCTCCAAGGCTTGCGGCCGCGAGCTCGGTACCCAATTGGTGCACTCTCAGTACAATCT,200,50,Unique,Unique,100,100,0,0
vector1,678,-,vector1,50,+,HWIvector1:178-678, GCGAAACCCGACAGGACTATAAAGATACCAGGCGTTTCCCCCTGGAAGCTCCCTCGTGCGCTCTCCTGTTCCGACCCTGCCGCTTACCGGATACCTGTCCGCCTTTCTCCCTTCGGGAAGCGTGGCGCTTTCTCATAGCTCACGCTGTAGGTATCTCAGTTCGGTGTAGGTCGTTCGCTCCAAGCTGGGCTGTGTGCACGCGGATAACAATTTCACACAGGAATTCGGATCCAAGCGAGCAAAAGCAGGT,200,50,Unique,Unique,100,100,1,0
